first_name,last_name,job_title,department,email,address,phone_number,salary,password
Ryan,Hicks,Mining engineer,Clinical psychologist,ywagner@example.org,West Amanda,7448548885,1456,vr3YbMoH
John,Lopez,Industrial buyer,Glass blower/designer,ashley36@example.com,Vasquezmouth,(912)694-4378x0549,26793,4EugD3w9
Tara,Gray,Actuary,Chief Operating Officer,pierceanthony@example.net,Nicholsmouth,588.774.8920x691,98069,8NPamZ56
Melinda,Harper,Theatre manager,Estate agent,uclark@example.org,New Holly,6012974694,4853,HphpPeeO
Luis,Perry,Patent attorney,Personnel officer,jason78@example.net,Maryfort,(349)368-0233x23903,26557,a6tVYD44
Sarah,Hernandez,Mudlogger,"Investment banker, corporate",meganross@example.net,Matthewland,001-345-900-1915x0467,33521,Uy1sgErk
Cheryl,Martin,Radio producer,Tree surgeon,simonjamie@example.net,Lake Andrew,4836520621,78499,gGsQmjLV
Keith,Anderson,Community education officer,Race relations officer,mary75@example.org,Lake Tricia,+1-587-528-9182x453,47055,51Tp10s4
Sydney,Rogers,Arts development officer,Financial adviser,lindaphillips@example.net,Wintersside,001-790-420-9698x930,71971,WaU0JkIk
Jeffrey,Black,Legal executive,Chartered loss adjuster,ethan08@example.com,North Justinport,001-999-573-7840x08601,23330,CpbZJmxg
Kimberly,Stone,Homeopath,Occupational hygienist,alexanderdevin@example.net,Smithport,(645)220-6359x83812,67439,NQFFiHzJ
John,Benson,Equities trader,Interpreter,anthonywilson@example.com,Gregorybury,(557)399-1975x38659,43385,nubR8HqN
Elizabeth,Ross,"Nurse, adult",Advice worker,jennahughes@example.com,East Kristina,611.835.7158,6544,dfp7asVZ
Zachary,James,Government social research officer,"Designer, ceramics/pottery",rstout@example.com,Sergioton,8759833633,59955,nEoxZcdm
Kelly,Freeman,Tree surgeon,Heritage manager,katherine29@example.org,West Elizabeth,001-437-989-2183x3981,56061,afbHGrK6
Garrett,Torres,Chief Executive Officer,Tour manager,younglauren@example.org,South Elijah,513-271-5724x45968,89376,mttQIFfX
Stephen,Allen,Television camera operator,Psychotherapist,dburgess@example.net,Nielsenberg,001-519-837-6679x0327,89284,XelGEgKU
Heather,Gomez,Financial adviser,Ambulance person,vbeasley@example.com,West Jessicafort,001-507-328-9597x3606,97706,NEliiGEo
Darin,Stewart,"Scientist, research (maths)",Audiological scientist,thomasthompson@example.com,West Hailey,(931)427-6366,35039,FwrbXTDD
Bradley,Thomas,Manufacturing engineer,Operational investment banker,watkinsjustin@example.org,Port Russell,(438)568-3092,54482,GNWkZGbs
Gabriela,Erickson,Environmental education officer,"Psychologist, clinical",fsmith@example.net,Lake Kimberlystad,247.779.1399,31014,zzNTyyDj
Traci,Price,Corporate investment banker,Speech and language therapist,kellytara@example.net,Sandrahaven,8912504382,28229,bemLSw1n
Brenda,Bailey,Magazine features editor,Music therapist,bruce76@example.net,Lake Hailey,917-579-4189,11377,4pc9wUOX
Robert,Martin,Sub,"Designer, blown glass/stained glass",wweaver@example.com,South Ariana,001-573-503-4389,96400,pn8k0pJ4
Cindy,Harrington,Wellsite geologist,"Engineer, petroleum",nicolewoodard@example.net,Lake Kellie,+1-653-675-8382x21260,59370,LQt0st10
Amy,Mcguire,Higher education careers adviser,Financial manager,karen08@example.com,Rosshaven,001-907-520-5019x65774,38216,6LQ3ICUN
Jennifer,Perez,Community development worker,Chiropodist,adamsjessica@example.com,North Andrewton,907.980.2015,12639,V9erWmAy
Jenna,Holt,Private music teacher,Diplomatic Services operational officer,comptonandrew@example.org,Port Chadberg,931.647.7669x61301,13430,l7VVpwb2
Justin,Long,"Surveyor, building control",Herbalist,aestes@example.com,East Daniel,609.662.7743,74493,pGyzrd2P
Samantha,Silva,"Education officer, community",Clinical embryologist,bpotter@example.com,Emilystad,4672679927,79826,HTM5g78T
Destiny,Richards,Clinical biochemist,Radio producer,ernest56@example.net,New Danielside,(382)214-4171x74743,78888,KHq7rqxb
Stephen,Anderson,Mechanical engineer,"Teacher, early years/pre",kimdavis@example.net,Amandachester,7956571373,84331,IVzmQwFI
Jessica,Cole,"Teacher, secondary school","Programme researcher, broadcasting/film/video",gallegoscynthia@example.org,North Jenniferberg,+1-821-228-9131,20281,abiUZTfS
Rebecca,Santana,"Civil engineer, consulting",Marine scientist,mark07@example.com,Patriciaton,9627012554,85839,ZAj1Ycbm
Samantha,Bowman,Politician's assistant,Office manager,michelle79@example.net,Stevenfort,001-730-665-3716x207,45584,XjXEqUbG
Amanda,Robinson,"Research officer, government","Programme researcher, broadcasting/film/video",bwilliams@example.net,Christopherport,(298)870-0218,25255,8ETYuerH
Patrick,Lopez,"Investment banker, operational","Lighting technician, broadcasting/film/video",sarah89@example.org,Brendaport,001-972-249-1245x15605,85035,rcg9rFAD
Phillip,Wall,IT trainer,Secretary/administrator,darrell25@example.com,Brookeside,4405746823,48587,1Qc2Wb3s
Annette,Thomas,Charity officer,Research scientist (life sciences),robin22@example.org,Robinsontown,001-464-531-8947x76878,40922,kQzG2bKC
Megan,Walsh,Arboriculturist,"Psychologist, occupational",james42@example.org,Michelleview,779.501.0773,33403,yv1xsy1f
Stephanie,Johnson,Dramatherapist,Petroleum engineer,tonyabrown@example.com,New Jeanne,252-241-0091x647,58270,mAXHWvPs
Ashley,Jackson,Clinical biochemist,Office manager,sarahsmith@example.org,Melissamouth,680.217.4851x66575,78492,6no2CEVi
Justin,Jacobson,Research scientist (life sciences),Ophthalmologist,uhernandez@example.net,North Lori,(241)206-1026x437,93613,Dd4tO1gH
Lauren,Farrell,"Therapist, art",Ship broker,james02@example.org,East Madisonfurt,807.320.9630x81012,93207,tnSjXf1o
Jamie,Moore,Air cabin crew,Research scientist (life sciences),garciakimberly@example.org,Aguilarmouth,544-341-4541x9658,84492,4kdsQyP3
Samantha,Odom,"Pharmacist, hospital",Agricultural engineer,hoffmanmegan@example.net,East Annafort,791.327.3170,36679,hA54JGO1
Linda,Cox,Advertising account planner,Print production planner,xrobinson@example.net,East Kimberlymouth,001-252-762-7427x641,39417,qQlw74WX
James,Fry,Civil Service fast streamer,IT trainer,annetteolsen@example.net,East Regina,2305436513,37997,6qBz92Wz
Micheal,Moore,Armed forces technical officer,Copy,wyoung@example.com,East Mercedesmouth,(314)723-4869,77495,JltErcUP
Darren,Davis,"Journalist, broadcasting",Research scientist (medical),noblemiguel@example.net,Kellyton,+1-614-680-3856x00912,24732,H12DoJQ3
Timothy,Robinson,Merchant navy officer,Pensions consultant,chasecobb@example.com,West Larry,(417)901-5358,34128,oQ9jrgGc
Dustin,Gomez,Sports therapist,"Civil engineer, contracting",omartin@example.com,Desireechester,001-417-238-2635x107,44276,CAePoCsU
Kayla,Moody,Patent examiner,Ranger/warden,david21@example.org,Lake Jamesside,205-940-4088x784,29629,usFV7rKI
Tyler,Ruiz,Secondary school teacher,Engineering geologist,bobby10@example.com,North Christopher,467-836-9880,48694,wDDDOdrw
Lindsey,Brown,Television/film/video producer,Product designer,andrew23@example.net,North Theresa,761.576.8834,27714,7Z2x4bfu
Christopher,Brown,Sport and exercise psychologist,Personal assistant,kschmitt@example.com,Moranhaven,2573731694,16104,DlVmFr5d
Alyssa,West,Air traffic controller,Building services engineer,sgregory@example.net,Rachelbury,(945)482-4655x1418,50144,2HcyhkPu
Thomas,Ramirez,Tour manager,Recruitment consultant,tmeyer@example.com,Chavezfort,291.698.2433,2423,1vsTCo9b
Ronald,Madden,Personnel officer,Radio producer,jason58@example.org,West Jacobport,001-627-889-8201x27434,50141,BI6WwN0a
Brandi,Gomez,Neurosurgeon,"Surveyor, hydrographic",twilliams@example.net,North Christopher,(215)659-2361,35372,YOxfsEXf
Justin,Rosales,"Engineer, civil (consulting)",Chief Marketing Officer,nicole48@example.net,Dorothyshire,318-396-9421,97418,HB9ZJ18n
Cody,Liu,"Teacher, music",Tax adviser,tonya29@example.com,Cathyfurt,+1-347-774-6259x535,27860,CX3EMLpZ
Samantha,Knox,Historic buildings inspector/conservation officer,"Scientist, audiological",kpadilla@example.net,Port Anthony,(709)748-7980x880,87790,TI2koMO2
Katie,Sheppard,"Therapist, speech and language","Physicist, medical",dereknguyen@example.net,Lake Richardburgh,(935)405-6484x48649,15979,YYEl7BBl
Glen,Floyd,Media planner,Intelligence analyst,virginiachen@example.com,Amandabury,+1-396-760-7187x2184,41885,fkSFp7Zg
Cody,Morris,"Psychologist, sport and exercise",Product designer,gregory97@example.net,East Craig,637.667.9676,90112,Xze6YLU2
Martin,Robinson,Trade union research officer,Research scientist (physical sciences),james39@example.org,Smithfurt,001-235-885-6425x62265,85376,9iXRIDMB
Scott,Smith,Holiday representative,Commercial horticulturist,dalemcneil@example.net,Port Kyle,327.301.5714x83871,76347,PHwlAkt4
Bethany,Avila,Pathologist,Tax adviser,williamlarsen@example.com,Frankville,(495)562-2365,82602,EPPyEa6a
Joe,Brown,Clinical embryologist,Fashion designer,joseph46@example.com,East Timothy,+1-719-276-3103x85825,76321,eORj6BmS
Robert,Price,"Editor, magazine features",Outdoor activities/education manager,garrett36@example.org,East Joseph,+1-790-887-4253,83699,0KnYe9j5
Haley,Patton,"Surveyor, quantity",Airline pilot,nicholasmccarthy@example.org,Brewerstad,(485)690-2069x509,25321,NsoEHMoM
Cody,Costa,"Teacher, secondary school",Civil Service fast streamer,james95@example.net,Powellport,222.869.9687x72966,38014,1ZmnnORR
Jennifer,Gillespie,"Engineer, site","Librarian, public",zacharytrevino@example.net,Reynoldsside,001-997-899-5125x141,55006,4To0cJlE
Beth,Roy,Investment analyst,Engineering geologist,pachecodorothy@example.net,East Charles,327.720.3636x50695,36306,oZR3UNA9
Stephanie,Anderson,"Editor, commissioning",Police officer,pattersontabitha@example.org,South Jason,001-917-465-3723,38376,DJoBaKvY
Kimberly,Cohen,Operations geologist,Press photographer,boydmichael@example.org,Lorichester,561-596-6512,95941,EKAWXn1p
Kimberly,Dickerson,"Doctor, general practice",Drilling engineer,christopher81@example.org,Benjaminshire,252.737.4416x51435,13539,RuxiTThG
Nicholas,Jordan,Public librarian,"Physicist, medical",pwyatt@example.org,East Adrianaburgh,247-810-7931,52893,ZeAlt5mF
Louis,Shaw,Firefighter,Systems developer,martinezmark@example.net,North Courtney,959.794.1392x48482,53420,LkCKju4t
Mary,Hernandez,Product designer,"Designer, textile",bartlettrobert@example.net,North Angel,856-620-2016x8301,77544,0XSyX8SL
Troy,Torres,Health promotion specialist,"Buyer, retail",lauraadams@example.org,Jeffreyborough,001-787-443-9985x8164,25350,Q7CswCd6
Anthony,Sanchez,"Psychologist, occupational",Management consultant,obailey@example.net,Collinsbury,224.871.8071,79261,KmpP7hhQ
Sean,Hughes,Warehouse manager,Osteopath,michael84@example.org,Mullinsmouth,001-385-654-2191x97400,20804,KhMBAmk4
Frank,Koch,Facilities manager,Careers information officer,james78@example.net,Garciastad,753.880.4251,42552,pYD8jl1e
George,Moore,IT consultant,"Designer, furniture",samantha60@example.org,Port Theresashire,816-501-2408x67679,98421,WFapt8Tg
Timothy,Martin,"Buyer, industrial",Music therapist,nwolfe@example.org,Griffinton,229-506-6827,51551,mdRNBsrk
Veronica,Sanchez,"Engineer, biomedical",Television production assistant,michael67@example.org,West Patricia,(916)436-8923,96459,SkmBYECj
Heather,Haynes,Holiday representative,Housing manager/officer,alexanderbryan@example.com,South Marc,2107569078,79773,wKvgMmm5
Susan,Daniels,Neurosurgeon,Psychotherapist,eadams@example.net,Hortonside,286-202-8859,83542,m88ZXzr9
Kathryn,Smith,Systems analyst,Travel agency manager,acastillo@example.org,Laurenhaven,384-919-3568x5111,8275,RO6o8eUP
James,Williams,"Editor, magazine features",Probation officer,browndebbie@example.net,Christianhaven,(336)764-0812x9341,4880,XFnS9dBQ
Brenda,Griffin,"Editor, commissioning","Producer, radio",jonathan00@example.com,Lake Toni,297-655-8118,94087,UTPV0m4a
Molly,Porter,"Education officer, environmental",Ranger/warden,gjordan@example.com,South Masonhaven,844.866.4531,74947,02hnxY5w
Nicholas,Duarte,"Secretary, company",Secretary/administrator,jchristian@example.org,Port David,(730)339-2531x910,6724,eDmtXWJh
Julia,Burton,Site engineer,Hydrogeologist,thomas18@example.org,Teresaville,843-962-7400,26980,RsAWxUol
Peter,Evans,Horticultural consultant,"Engineer, drilling",rebekahwilson@example.net,Lake Jason,528-706-2978x587,46375,3E2rh14G
Nathan,Greer,Armed forces technical officer,Training and development officer,nichole35@example.com,West Debbieville,(376)727-4781x57475,6934,kRXZhihu
Ronnie,Taylor,"Conservator, museum/gallery",IT consultant,hannah38@example.net,Williamsburgh,001-591-629-5155x205,71214,X8vYKguh
Katie,Campos,Interior and spatial designer,Special effects artist,rachelcampbell@example.com,Susantown,222-478-5991x59738,31667,qV0Ll0Rh
